"","DISCIPLINE","DISC_NAME","TOTTTD","AGE","MEAN_AGE","DEPENDS","MALE","MARITAL","CITIZ","MEAN_CITIZ","PHDCY","PHDMONTH","RACE","AMERIND","ASIAN","BLACK","HAWAIIAN","WHITE","HISPANIC","HISPORIG"
"1",1,"Life Sciences    ",13.2518822724162,36.41889,34.62594,0,1,1,1,0.62,2004,8,NA,NA,NA,NA,NA,NA,NA,NA
"2",1,"Life Sciences    ",5,29.91513,34.62594,0,1,0,0,0.62,2004,8,10,2,2,2,2,1,2,NA
"3",1,"Life Sciences    ",10.3340177960301,30.91513,34.62594,0,1,1,0,0.62,2004,8,3,2,1,2,2,2,2,NA
"4",1,"Life Sciences    ",15.4188911704314,37.57837,34.62594,0,1,0,0,0.62,2004,8,3,2,1,2,2,2,2,NA
"5",1,"Life Sciences    ",10.2518822724162,32.83299,34.62594,0,0,1,1,0.62,2004,8,9,2,2,2,2,1,1,3
"6",1,"Life Sciences    ",20.6659822039699,45.66598,34.62594,1,1,0,0,0.62,2004,8,7,NA,NA,NA,NA,NA,1,0
"7",1,"Life Sciences    ",5.2518822724162,28.74812,34.62594,0,1,0,1,0.62,2004,8,9,NA,NA,NA,NA,NA,1,3
"8",1,"Life Sciences    ",13.1670088980152,36.33402,34.62594,0,0,0,0,0.62,2004,8,5,2,2,1,2,2,2,NA
"9",1,"Life Sciences    ",22.0848733744012,42.16701,34.62594,1,1,1,0,0.62,2004,8,3,2,1,2,2,2,2,NA
"10",1,"Life Sciences    ",9.66598220396986,33,34.62594,NA,1,0,0,0.62,2004,8,3,2,1,2,2,2,2,NA
"11",1,"Life Sciences    ",4.2518822724162,26.4935,34.62594,0,0,1,1,0.62,2004,8,10,2,2,2,2,1,2,NA
"12",1,"Life Sciences    ",7.08487337440124,29.08487,34.62594,0,0,0,0,0.62,2004,8,10,2,2,2,2,1,2,NA
"13",1,"Life Sciences    ",NA,25.4935,34.62594,NA,1,0,0,0.62,2004,8,10,2,2,2,2,1,2,NA
"14",1,"Life Sciences    ",16.4934976043805,44.66598,34.62594,2,1,1,0,0.62,2004,8,9,2,2,2,2,1,1,3
"15",1,"Life Sciences    ",15.1670088980152,37.4935,34.62594,0,0,0,1,0.62,2004,8,10,2,2,2,2,1,2,NA
"16",1,"Life Sciences    ",7.08487337440124,28.4935,34.62594,0,1,0,0,0.62,2004,8,3,2,1,2,2,2,2,NA
"17",1,"Life Sciences    ",6.57837097878178,28.33402,34.62594,0,0,0,0,0.62,2004,8,10,2,2,2,2,1,2,NA
"18",1,"Life Sciences    ",13.0848733744012,33.83299,34.62594,0,1,0,0,0.62,2004,8,10,2,2,2,2,1,2,NA
"19",1,"Life Sciences    ",22.0848733744012,46.08487,34.62594,0,1,0,1,0.62,2004,8,10,2,2,2,2,1,2,NA
"20",1,"Life Sciences    ",10.6659822039699,35.4935,34.62594,3,1,1,0,0.62,2004,8,9,2,2,2,2,1,1,3
"21",1,"Life Sciences    ",14.2518822724162,36.57837,34.62594,1,1,1,1,0.62,2004,8,10,2,2,2,2,1,2,NA
"22",1,"Life Sciences    ",14.2518822724162,37.25188,34.62594,0,1,1,1,0.62,2004,8,10,2,2,2,2,1,2,NA
"23",1,"Life Sciences    ",9,31.41889,34.62594,0,1,1,1,0.62,2004,8,9,2,2,2,2,1,1,2
"24",1,"Life Sciences    ",12.2518822724162,34.66598,34.62594,0,0,0,1,0.62,2004,8,10,2,2,2,2,1,2,NA
"25",1,"Life Sciences    ",5.2518822724162,27.4935,34.62594,1,0,1,1,0.62,2004,8,3,2,1,2,2,2,2,NA
"26",1,"Life Sciences    ",4.2518822724162,26.66598,34.62594,0,0,0,1,0.62,2004,8,10,2,2,2,2,1,2,NA
"27",1,"Life Sciences    ",4.08487337440124,25.74812,34.62594,0,0,1,1,0.62,2004,8,6,NA,NA,NA,NA,NA,1,1
"28",1,"Life Sciences    ",9.08487337440124,31.57837,34.62594,0,1,1,0,0.62,2004,8,3,2,1,2,2,2,2,NA
"29",1,"Life Sciences    ",8.2518822724162,29.91513,34.62594,0,1,0,1,0.62,2004,8,10,2,2,2,2,1,2,NA
"30",1,"Life Sciences    ",7.2518822724162,29.83299,34.62594,1,0,1,1,0.62,2004,8,10,2,2,2,2,1,2,NA
"31",1,"Life Sciences    ",5.2518822724162,27.16701,34.62594,0,0,0,1,0.62,2004,8,10,2,2,2,2,1,2,NA
"32",1,"Life Sciences    ",10.0848733744012,36.66598,34.62594,3,0,1,1,0.62,2004,8,10,2,2,2,2,1,NA,NA
"33",1,"Life Sciences    ",11.2518822724162,33.4935,34.62594,4,1,1,1,0.62,2004,8,10,2,2,2,2,1,2,NA
"34",1,"Life Sciences    ",8.2518822724162,30.25188,34.62594,0,1,0,1,0.62,2004,8,5,2,2,1,2,2,2,NA
"35",1,"Life Sciences    ",13.1670088980152,34.83299,34.62594,1,1,1,0,0.62,2004,8,3,2,1,2,2,2,2,NA
"36",1,"Life Sciences    ",14,37.4935,34.62594,2,1,1,0,0.62,2004,8,9,NA,NA,NA,NA,NA,1,3
"37",1,"Life Sciences    ",7.2518822724162,28.66598,34.62594,0,0,0,1,0.62,2004,8,10,2,2,2,2,1,2,NA
"38",1,"Life Sciences    ",11.0848733744012,34.08487,34.62594,0,1,0,0,0.62,2004,8,3,2,1,2,2,2,2,NA
"39",1,"Life Sciences    ",6.16700889801518,29.08487,34.62594,0,0,0,0,0.62,2004,8,10,2,2,2,2,1,2,NA
"40",1,"Life Sciences    ",5,30.83299,34.62594,0,1,1,1,0.62,2004,8,10,2,2,2,2,1,2,NA
"41",1,"Life Sciences    ",5.2518822724162,NA,34.62594,NA,0,NA,NA,0.62,2004,8,10,2,2,2,2,1,NA,NA
"42",1,"Life Sciences    ",5.2518822724162,NA,34.62594,NA,0,0,NA,0.62,2004,8,8,NA,NA,NA,NA,NA,1,2
"43",1,"Life Sciences    ",6.2518822724162,31.66598,34.62594,0,1,1,1,0.62,2004,8,3,2,1,2,2,2,2,NA
"44",1,"Life Sciences    ",6.2518822724162,28.25188,34.62594,0,1,0,1,0.62,2004,8,10,2,2,2,2,1,2,NA
"45",1,"Life Sciences    ",31.1670088980152,53.41889,34.62594,0,1,0,1,0.62,2004,8,10,2,2,2,2,1,2,NA
"46",1,"Life Sciences    ",6.2518822724162,28.41889,34.62594,0,1,0,1,0.62,2004,8,10,2,2,2,2,1,2,NA
"47",1,"Life Sciences    ",23.2518822724162,46.08487,34.62594,NA,0,NA,1,0.62,2004,8,10,2,2,2,2,1,2,NA
"48",1,"Life Sciences    ",6.2518822724162,28.16701,34.62594,1,1,1,1,0.62,2004,8,10,2,2,2,2,1,2,NA
"49",1,"Life Sciences    ",NA,33.57837,34.62594,0,0,1,0,0.62,2004,8,10,2,2,2,2,1,2,NA
"50",1,"Life Sciences    ",7.2518822724162,29.66598,34.62594,0,1,1,1,0.62,2004,8,10,2,2,2,2,1,2,NA
"51",1,"Life Sciences    ",5.2518822724162,29,34.62594,0,1,0,1,0.62,2004,8,10,2,2,2,2,1,2,NA
"52",1,"Life Sciences    ",NA,33.91513,34.62594,0,0,1,1,0.62,2004,8,10,2,2,2,2,1,2,NA
"53",1,"Life Sciences    ",NA,29.74812,34.62594,0,1,1,0,0.62,2004,8,9,NA,NA,NA,NA,NA,1,3
"54",1,"Life Sciences    ",5.2518822724162,27.4935,34.62594,0,1,1,1,0.62,2004,8,10,2,2,2,2,1,2,NA
"55",1,"Life Sciences    ",9.16700889801518,30.91513,34.62594,0,0,1,1,0.62,2004,8,10,2,2,2,2,1,2,NA
"56",1,"Life Sciences    ",10.0848733744012,31,34.62594,0,1,1,0,0.62,2004,8,10,2,2,2,2,1,2,NA
"57",1,"Life Sciences    ",15.832991101985,35.83299,34.62594,0,0,0,0,0.62,2004,8,3,2,1,2,2,2,2,NA
"58",1,"Life Sciences    ",7.2518822724162,30.4935,34.62594,0,1,0,1,0.62,2004,8,6,2,2,2,2,1,1,1
"59",1,"Life Sciences    ",9,32.4935,34.62594,0,1,0,1,0.62,2004,8,5,2,2,1,2,2,2,NA
"60",1,"Life Sciences    ",6.57837097878178,31.66598,34.62594,0,1,0,1,0.62,2004,8,10,2,2,2,2,1,2,NA
"61",1,"Life Sciences    ",13.6659822039699,36,34.62594,0,0,0,1,0.62,2004,8,10,2,2,2,2,1,2,NA
"62",1,"Life Sciences    ",7.08487337440124,28.16701,34.62594,0,1,0,0,0.62,2004,8,3,2,1,2,2,2,2,NA
"63",1,"Life Sciences    ",10.0848733744012,32.83299,34.62594,1,1,1,0,0.62,2004,8,3,2,1,2,2,2,2,NA
"64",1,"Life Sciences    ",15.6659822039699,39.08487,34.62594,0,0,0,1,0.62,2004,8,10,2,2,2,2,1,2,NA
"65",1,"Life Sciences    ",8,31.33402,34.62594,0,0,0,1,0.62,2004,8,10,2,2,2,2,1,2,NA
"66",1,"Life Sciences    ",9.2518822724162,38,34.62594,6,1,1,1,0.62,2004,8,10,2,2,2,2,1,2,NA
"67",1,"Life Sciences    ",25.1670088980152,48.16701,34.62594,0,1,1,1,0.62,2004,8,10,2,2,2,2,1,2,NA
"68",1,"Life Sciences    ",5.58590006844634,28,34.62594,0,1,1,1,0.62,2004,12,10,2,2,2,2,1,2,NA
"69",1,"Life Sciences    ",8.58590006844634,30.08214,34.62594,0,0,1,0,0.62,2004,12,3,2,1,2,2,2,2,NA
"70",1,"Life Sciences    ",8.58590006844634,31.41889,34.62594,0,1,0,1,0.62,2004,12,11,1,2,2,2,1,2,NA
"71",1,"Life Sciences    ",10,33.08214,34.62594,0,0,0,0,0.62,2004,12,10,2,2,2,2,1,2,NA
"72",1,"Life Sciences    ",6,27.75291,34.62594,0,0,0,1,0.62,2004,12,10,2,2,2,2,1,2,NA
"73",1,"Life Sciences    ",17.2491444216291,39.66804,34.62594,3,0,1,0,0.62,2004,12,3,2,1,2,2,2,2,NA
"74",1,"Life Sciences    ",21.5859000684463,43.50103,34.62594,0,1,1,1,0.62,2004,12,10,2,2,2,2,1,2,NA
"75",1,"Life Sciences    ",16,39.5859,34.62594,0,1,1,0,0.62,2004,12,10,2,2,2,2,1,NA,NA
"76",1,"Life Sciences    ",8.24914442162913,30.75291,34.62594,0,1,0,1,0.62,2004,12,10,2,2,2,2,1,2,NA
"77",1,"Life Sciences    ",12.4188911704314,32.08214,34.62594,0,0,1,0,0.62,2004,12,10,2,2,2,2,1,2,NA
"78",1,"Life Sciences    ",8.33401779603014,31.08214,34.62594,0,1,0,1,0.62,2004,12,10,2,2,2,2,1,2,NA
"79",1,"Life Sciences    ",9.82751540041068,32.33402,34.62594,1,0,1,0,0.62,2004,12,3,2,1,2,2,2,2,NA
"80",1,"Life Sciences    ",5.66803559206028,28.82752,34.62594,0,1,0,1,0.62,2004,12,10,2,2,2,2,1,2,NA
"81",1,"Life Sciences    ",11.5859000684463,33.82752,34.62594,1,1,1,0,0.62,2004,12,12,NA,NA,NA,NA,NA,2,NA
"82",1,"Life Sciences    ",22.4188911704314,44.66804,34.62594,1,0,0,0,0.62,2004,12,3,2,1,2,2,2,2,NA
"83",1,"Life Sciences    ",7.58590006844634,31,34.62594,0,1,1,0,0.62,2004,12,10,2,2,2,2,1,2,NA
"84",1,"Life Sciences    ",13,35.41889,34.62594,0,0,0,1,0.62,2004,12,12,NA,NA,NA,NA,NA,2,NA
"85",1,"Life Sciences    ",14,41.16701,34.62594,0,0,0,0,0.62,2004,12,9,2,2,2,2,1,1,3
"86",1,"Life Sciences    ",5.58590006844634,28.08214,34.62594,0,0,0,1,0.62,2004,12,10,2,2,2,2,1,2,NA
"87",1,"Life Sciences    ",7.58590006844634,28.41889,34.62594,0,0,1,1,0.62,2004,12,3,2,1,2,2,2,2,NA
"88",1,"Life Sciences    ",8.50102669404532,32.50103,34.62594,1,1,1,0,0.62,2004,12,10,2,2,2,2,1,2,NA
"89",1,"Life Sciences    ",8.58590006844634,29.08214,34.62594,0,0,1,0,0.62,2004,12,3,2,1,2,2,2,2,NA
"90",1,"Life Sciences    ",NA,38.75291,34.62594,1,0,1,0,0.62,2004,12,10,2,2,2,2,1,2,NA
"91",1,"Life Sciences    ",4.58590006844634,26.5859,34.62594,0,1,0,1,0.62,2004,12,10,2,2,2,2,1,2,NA
"92",1,"Life Sciences    ",4.58590006844634,26.5859,34.62594,0,1,0,1,0.62,2004,12,10,2,2,2,2,1,2,NA
"93",1,"Life Sciences    ",13.8275154004107,36.82752,34.62594,0,0,0,0,0.62,2004,12,3,2,1,2,2,2,2,NA
"94",1,"Life Sciences    ",NA,26.5859,34.62594,0,0,0,0,0.62,2004,12,10,2,2,2,2,1,2,NA
"95",1,"Life Sciences    ",11.5010266940453,32.75291,34.62594,1,1,1,0,0.62,2004,12,10,2,2,2,2,1,2,NA
"96",1,"Life Sciences    ",19,37.82752,34.62594,1,0,1,0,0.62,2004,12,9,2,2,2,2,1,1,3
"97",1,"Life Sciences    ",11.5859000684463,33.82752,34.62594,0,0,0,1,0.62,2004,12,10,2,2,2,2,1,2,NA
"98",1,"Life Sciences    ",NA,43.75291,34.62594,0,1,0,1,0.62,2004,12,10,2,2,2,2,1,2,NA
"99",1,"Life Sciences    ",7.50102669404532,30.16701,34.62594,1,1,1,1,0.62,2004,12,10,2,2,2,2,1,2,NA
"100",1,"Life Sciences    ",NA,31.82752,34.62594,0,0,1,0,0.62,2004,12,3,2,1,2,2,2,2,NA
"101",1,"Life Sciences    ",8.50102669404532,31.08214,34.62594,0,0,0,1,0.62,2004,12,10,2,2,2,2,1,2,NA
"102",1,"Life Sciences    ",15.2491444216291,37.5859,34.62594,0,0,0,1,0.62,2004,12,10,2,2,2,2,1,2,NA
"103",1,"Life Sciences    ",6.41889117043138,29.41889,34.62594,0,0,0,0,0.62,2004,12,3,2,1,2,2,2,2,NA
"104",1,"Life Sciences    ",11.3340177960301,32.16701,34.62594,0,0,0,0,0.62,2004,12,10,2,2,2,2,1,2,NA
"105",1,"Life Sciences    ",4.58590006844634,26.16701,34.62594,0,0,0,0,0.62,2004,12,9,2,2,1,2,1,1,3
"106",1,"Life Sciences    ",6.58590006844634,28.66804,34.62594,0,0,0,1,0.62,2004,12,10,2,2,2,2,1,2,NA
"107",1,"Life Sciences    ",6.58590006844634,29.08214,34.62594,0,1,1,1,0.62,2004,12,10,2,2,2,2,1,2,NA
"108",1,"Life Sciences    ",17,43.75291,34.62594,3,1,1,1,0.62,2004,12,10,2,2,2,2,1,2,NA
"109",1,"Life Sciences    ",7.58590006844634,30.24914,34.62594,0,1,0,1,0.62,2004,12,10,2,2,2,2,1,2,NA
"110",1,"Life Sciences    ",4.58590006844634,26.24914,34.62594,0,1,0,1,0.62,2004,12,10,2,2,2,2,1,2,NA
"111",1,"Life Sciences    ",9,30.75291,34.62594,0,1,0,1,0.62,2004,12,10,2,2,2,2,1,2,NA
"112",1,"Life Sciences    ",9.75290896646152,33.08214,34.62594,1,0,1,0,0.62,2004,12,3,2,1,2,2,2,2,NA
"113",1,"Life Sciences    ",5,26.41889,34.62594,0,0,1,1,0.62,2004,12,10,2,2,2,2,1,2,NA
"114",1,"Life Sciences    ",5.33401779603014,27.82752,34.62594,0,0,1,1,0.62,2004,12,10,2,2,2,2,1,2,NA
"115",1,"Life Sciences    ",4.58590006844634,26.82752,34.62594,0,0,0,1,0.62,2004,12,10,2,2,2,2,1,2,NA
"116",1,"Life Sciences    ",10.4188911704314,33.82752,34.62594,1,1,1,0,0.62,2004,12,3,2,1,2,2,2,2,NA
"117",1,"Life Sciences    ",12,34.50103,34.62594,0,0,1,1,0.62,2004,12,10,2,2,2,2,1,2,NA
"118",1,"Life Sciences    ",28.6680355920603,50.16701,34.62594,2,0,1,1,0.62,2004,12,10,2,2,2,2,1,2,NA
"119",1,"Life Sciences    ",11.5859000684463,34.66804,34.62594,2,1,1,1,0.62,2004,12,10,2,2,2,2,1,2,NA
"120",1,"Life Sciences    ",25.5859000684463,46.16701,34.62594,0,0,0,1,0.62,2004,12,10,2,2,2,2,1,2,NA
"121",1,"Life Sciences    ",22.5859000684463,62.82752,34.62594,0,0,1,1,0.62,2004,12,10,2,2,2,2,1,2,NA
"122",1,"Life Sciences    ",23.5010266940453,60.16701,34.62594,0,0,0,1,0.62,2004,12,10,2,2,2,2,1,2,NA
"123",1,"Life Sciences    ",4.58590006844634,27.66804,34.62594,0,0,0,1,0.62,2004,12,5,2,2,1,2,2,2,NA
"124",1,"Life Sciences    ",6,29.41889,34.62594,0,0,1,0,0.62,2004,12,3,2,1,2,2,2,2,NA
"125",1,"Life Sciences    ",13.1670088980152,36,34.62594,1,1,1,0,0.62,2004,12,10,2,2,2,2,1,2,NA
"126",1,"Life Sciences    ",10.4188911704314,32,34.62594,1,0,1,0,0.62,2004,12,10,2,2,2,2,1,2,NA
"127",1,"Life Sciences    ",12.6680355920603,35.82752,34.62594,0,0,0,1,0.62,2004,12,10,2,2,2,2,1,2,NA
"128",1,"Life Sciences    ",5.75290896646152,32.24914,34.62594,1,0,1,0,0.62,2004,12,10,2,2,2,2,1,2,NA
"129",1,"Life Sciences    ",8.41889117043138,30.75291,34.62594,0,0,0,1,0.62,2004,12,10,2,2,2,2,1,2,NA
"130",1,"Life Sciences    ",9.33401779603014,30.41889,34.62594,0,0,0,1,0.62,2004,12,5,2,2,1,2,2,2,NA
"131",1,"Life Sciences    ",14.4140999315537,35.58111,34.62594,2,1,1,1,0.62,2005,5,8,2,2,2,2,1,1,2
"132",1,"Life Sciences    ",16.4140999315537,39.49624,34.62594,1,0,0,0,0.62,2005,5,9,NA,NA,NA,NA,NA,1,3
"133",1,"Life Sciences    ",8.91512662559899,31.58111,34.62594,1,0,1,0,0.62,2005,5,10,2,2,2,2,1,2,NA
"134",1,"Life Sciences    ",4,25.74812,34.62594,0,0,0,1,0.62,2005,5,10,2,2,2,2,1,2,NA
"135",1,"Life Sciences    ",17.915126625599,36.16701,34.62594,2,0,0,0,0.62,2005,5,5,2,2,1,2,2,2,NA
"136",1,"Life Sciences    ",7,30.32649,34.62594,0,0,1,1,0.62,2005,5,10,2,2,2,2,1,2,NA
"137",1,"Life Sciences    ",8.16700889801518,31.66324,34.62594,0,1,0,1,0.62,2005,5,10,2,2,2,2,1,2,NA
"138",1,"Life Sciences    ",8.08213552361394,31.58111,34.62594,0,1,1,1,0.62,2005,5,10,2,2,2,2,1,2,NA
"139",1,"Life Sciences    ",11.832991101985,33.32649,34.62594,0,1,0,0,0.62,2005,5,10,2,2,2,2,1,2,NA
"140",1,"Life Sciences    ",11.0821355236139,33.74812,34.62594,9,1,0,0,0.62,2005,5,3,2,1,2,2,2,2,NA
"141",1,"Life Sciences    ",4.41409993155366,27.58111,34.62594,0,0,1,1,0.62,2005,5,10,2,2,2,2,1,2,NA
"142",1,"Life Sciences    ",7,29.24162,34.62594,0,1,0,1,0.62,2005,5,10,2,2,2,2,1,2,NA
"143",1,"Life Sciences    ",6,28.4141,34.62594,0,0,0,1,0.62,2005,5,10,2,2,2,2,1,2,NA
"144",1,"Life Sciences    ",7,29.16701,34.62594,0,0,0,0,0.62,2005,5,9,2,2,2,2,1,1,3
"145",1,"Life Sciences    ",8.41409993155366,29.83299,34.62594,1,1,1,1,0.62,2005,5,10,2,2,2,2,1,2,NA
"146",1,"Life Sciences    ",12.915126625599,34.49624,34.62594,2,0,1,0,0.62,2005,5,3,2,1,2,2,2,2,NA
"147",1,"Life Sciences    ",10.832991101985,34.24162,34.62594,2,0,1,0,0.62,2005,5,3,2,1,2,2,2,2,NA
"148",1,"Life Sciences    ",15.7481177275838,38.16701,34.62594,1,1,1,0,0.62,2005,5,3,2,1,2,2,2,2,NA
"149",1,"Life Sciences    ",7,29.74812,34.62594,0,1,0,1,0.62,2005,5,12,NA,NA,NA,NA,NA,2,NA
"150",1,"Life Sciences    ",NA,29.32649,34.62594,0,1,1,1,0.62,2005,5,10,2,2,2,2,1,2,NA
"151",1,"Life Sciences    ",19.0821355236139,40.83299,34.62594,0,1,1,1,0.62,2005,5,10,2,2,2,2,1,2,NA
"152",1,"Life Sciences    ",8,30.08214,34.62594,0,0,0,1,0.62,2005,5,10,2,2,2,2,1,2,NA
"153",1,"Life Sciences    ",9.7481177275838,33,34.62594,0,0,0,0,0.62,2005,5,5,2,2,1,2,2,2,NA
"154",1,"Life Sciences    ",6,28.83299,34.62594,NA,1,NA,1,0.62,2005,5,12,NA,NA,NA,NA,NA,2,NA
"155",1,"Life Sciences    ",7,29.74812,34.62594,0,0,1,1,0.62,2005,5,10,2,2,2,2,1,2,NA
"156",1,"Life Sciences    ",6.91512662559899,39.24162,34.62594,0,1,1,1,0.62,2005,5,10,2,2,2,2,1,2,NA
"157",1,"Life Sciences    ",6,30.66324,34.62594,2,0,1,1,0.62,2005,5,12,NA,NA,NA,NA,NA,2,NA
"158",1,"Life Sciences    ",8.83299110198504,31.83299,34.62594,0,0,0,0,0.62,2005,5,8,2,2,2,2,1,1,2
"159",1,"Life Sciences    ",9,30.49624,34.62594,0,1,0,1,0.62,2005,5,10,2,2,2,2,1,2,NA
"160",1,"Life Sciences    ",7,28.74812,34.62594,0,1,1,1,0.62,2005,5,10,2,2,2,2,1,2,NA
"161",1,"Life Sciences    ",8,32.08214,34.62594,0,1,0,1,0.62,2005,5,10,2,2,2,2,1,2,NA
"162",1,"Life Sciences    ",5.41409993155366,26.66324,34.62594,0,0,0,1,0.62,2005,5,10,2,2,2,2,1,2,NA
"163",1,"Life Sciences    ",18.832991101985,40.83299,34.62594,2,0,1,1,0.62,2005,5,3,2,1,2,2,2,2,NA
"164",1,"Life Sciences    ",6.91512662559899,34.32649,34.62594,1,1,1,1,0.62,2005,5,10,2,2,2,2,1,2,NA
"165",1,"Life Sciences    ",9,30.83299,34.62594,0,0,0,0,0.62,2005,5,3,2,1,2,2,2,2,NA
"166",1,"Life Sciences    ",8.41409993155366,32.74812,34.62594,0,1,1,1,0.62,2005,5,3,2,1,2,2,2,2,NA
"167",1,"Life Sciences    ",NA,32.49624,34.62594,0,1,0,1,0.62,2005,5,10,2,2,2,2,1,2,NA
"168",1,"Life Sciences    ",9.41409993155366,35.08214,34.62594,0,1,0,1,0.62,2005,5,10,2,2,2,2,1,2,NA
"169",1,"Life Sciences    ",4,25.49624,34.62594,0,0,0,1,0.62,2005,5,3,2,1,2,2,2,2,NA
"170",1,"Life Sciences    ",22.3264887063656,53.66324,34.62594,0,0,1,1,0.62,2005,5,10,2,2,2,2,1,2,NA
"171",1,"Life Sciences    ",19,40.91513,34.62594,0,0,0,1,0.62,2005,5,10,2,2,2,2,1,2,NA
"172",1,"Life Sciences    ",8,30.16701,34.62594,1,0,1,1,0.62,2005,5,9,2,2,2,2,1,1,3
"173",1,"Life Sciences    ",4.41409993155366,27.4141,34.62594,0,0,0,0,0.62,2005,5,10,2,2,2,2,1,2,NA
"174",1,"Life Sciences    ",7,28.32649,34.62594,0,1,0,0,0.62,2005,5,10,2,2,2,2,1,2,NA
"175",1,"Life Sciences    ",9,56.66324,34.62594,1,0,0,1,0.62,2005,5,10,2,2,2,2,1,2,NA
"176",1,"Life Sciences    ",NA,27.83299,34.62594,0,1,0,1,0.62,2005,5,10,2,2,2,2,1,2,NA
"177",1,"Life Sciences    ",7,28.66324,34.62594,0,0,1,0,0.62,2005,5,3,2,1,2,2,2,2,NA
"178",1,"Life Sciences    ",NA,32.83299,34.62594,2,1,1,1,0.62,2005,5,10,2,2,2,2,1,2,NA
"179",2,"Engineering      ",8.08487337440124,29.83299,31.97,NA,1,1,0,0.28,2004,8,3,2,1,2,2,2,2,NA
"180",2,"Engineering      ",6.08487337440124,28.33402,31.97,0,1,0,0,0.28,2004,8,3,2,1,2,2,2,2,NA
"181",2,"Engineering      ",7.41889117043138,29.83299,31.97,0,1,0,1,0.28,2004,8,10,2,2,2,2,1,2,NA
"182",2,"Engineering      ",14.4934976043805,36.66598,31.97,0,1,0,0,0.28,2004,8,3,2,1,2,2,2,2,NA
"183",2,"Engineering      ",10.0848733744012,33.08487,31.97,1,0,1,0,0.28,2004,8,3,2,1,2,2,2,2,NA
"184",2,"Engineering      ",5.2518822724162,27,31.97,0,1,0,1,0.28,2004,8,3,2,1,2,2,2,2,NA
"185",2,"Engineering      ",5.2518822724162,27.08487,31.97,0,1,1,0,0.28,2004,8,3,2,1,2,2,2,2,NA
"186",2,"Engineering      ",10.2518822724162,30.74812,31.97,0,1,1,0,0.28,2004,8,3,2,1,2,2,2,NA,NA
"187",2,"Engineering      ",6.2518822724162,29,31.97,0,1,0,1,0.28,2004,8,3,2,1,2,2,2,2,NA
"188",2,"Engineering      ",9.2518822724162,31.83299,31.97,0,0,1,1,0.28,2004,8,10,2,2,2,2,1,2,NA
"189",2,"Engineering      ",17.2518822724162,38.41889,31.97,0,1,1,1,0.28,2004,8,10,2,2,2,2,1,2,NA
"190",2,"Engineering      ",4.66598220396986,27.33402,31.97,0,1,0,1,0.28,2004,8,10,2,2,2,2,1,2,NA
"191",2,"Engineering      ",8.16700889801518,NA,31.97,NA,0,NA,0,0.28,2004,8,12,NA,NA,NA,NA,NA,2,NA
"192",2,"Engineering      ",8.08487337440124,29.08487,31.97,NA,1,1,0,0.28,2004,8,3,2,1,2,2,2,2,NA
"193",2,"Engineering      ",7.49349760438054,33.08487,31.97,3,1,1,0,0.28,2004,8,3,2,1,2,2,2,2,NA
"194",2,"Engineering      ",15.4934976043805,37.41889,31.97,2,1,1,0,0.28,2004,8,3,2,1,2,2,2,2,NA
"195",2,"Engineering      ",20.0848733744012,40.25188,31.97,1,1,1,0,0.28,2004,8,3,2,1,2,2,2,2,NA
"196",2,"Engineering      ",8.08487337440124,29.83299,31.97,0,1,0,0,0.28,2004,8,10,2,2,2,2,1,2,NA
"197",2,"Engineering      ",16.4934976043805,38.41889,31.97,2,1,1,0,0.28,2004,8,3,2,1,2,2,2,2,NA
"198",2,"Engineering      ",4.2518822724162,25.57837,31.97,0,1,0,0,0.28,2004,8,3,2,1,2,2,2,2,NA
"199",2,"Engineering      ",13.4934976043805,35.83299,31.97,1,1,1,0,0.28,2004,8,3,2,1,2,2,2,2,NA
"200",2,"Engineering      ",6.2518822724162,28,31.97,0,1,0,0,0.28,2004,8,3,2,1,2,2,2,2,NA
"201",2,"Engineering      ",14.4934976043805,36.91513,31.97,2,1,1,0,0.28,2004,8,3,2,1,2,2,2,2,NA
"202",2,"Engineering      ",NA,30.16701,31.97,0,1,0,1,0.28,2004,8,10,2,2,2,2,1,2,NA
"203",2,"Engineering      ",4.2518822724162,26.83299,31.97,0,1,1,1,0.28,2004,8,10,2,2,2,2,1,2,NA
"204",2,"Engineering      ",3.2518822724162,25.91513,31.97,0,1,0,1,0.28,2004,8,10,2,2,2,2,1,2,NA
"205",2,"Engineering      ",7.2518822724162,30.16701,31.97,0,1,1,1,0.28,2004,8,10,2,2,2,2,1,2,NA
"206",2,"Engineering      ",7.08487337440124,28.57837,31.97,1,1,1,0,0.28,2004,8,3,2,1,2,2,2,2,NA
"207",2,"Engineering      ",8.49349760438054,32.4935,31.97,0,1,1,0,0.28,2004,8,3,2,1,2,2,2,2,NA
"208",2,"Engineering      ",13.0848733744012,36.08487,31.97,0,1,0,0,0.28,2004,8,3,2,1,2,2,2,2,NA
"209",2,"Engineering      ",8.49349760438054,32.91513,31.97,2,1,1,0,0.28,2004,8,3,2,1,2,2,2,2,NA
"210",2,"Engineering      ",5.08487337440124,30.25188,31.97,0,1,0,0,0.28,2004,8,3,2,1,2,2,2,2,NA
"211",2,"Engineering      ",10.4934976043805,33.91513,31.97,1,1,1,0,0.28,2004,8,3,2,1,2,2,2,2,NA
"212",2,"Engineering      ",4,26.83299,31.97,0,1,0,1,0.28,2004,8,9,NA,NA,NA,NA,NA,1,3
"213",2,"Engineering      ",6.2518822724162,27.91513,31.97,0,1,0,1,0.28,2004,8,10,2,2,2,2,1,2,NA
"214",2,"Engineering      ",4.2518822724162,27.33402,31.97,0,0,0,1,0.28,2004,8,10,2,2,2,2,1,2,NA
"215",2,"Engineering      ",7.2518822724162,33.16701,31.97,0,1,0,1,0.28,2004,8,10,2,2,2,2,1,2,NA
"216",2,"Engineering      ",6.49349760438054,31.25188,31.97,0,1,0,0,0.28,2004,8,10,2,2,2,2,1,2,NA
"217",2,"Engineering      ",10.0848733744012,33.57837,31.97,2,1,1,0,0.28,2004,8,3,2,1,2,2,2,2,NA
"218",2,"Engineering      ",8.2518822724162,31.57837,31.97,2,1,1,1,0.28,2004,8,10,2,2,2,2,1,2,NA
"219",2,"Engineering      ",10.0848733744012,30.83299,31.97,0,0,1,0,0.28,2004,8,3,2,1,2,2,2,2,NA
"220",2,"Engineering      ",6.16700889801518,27.4935,31.97,0,1,0,0,0.28,2004,8,10,2,2,2,2,1,2,NA
"221",2,"Engineering      ",18.1670088980152,41.4935,31.97,2,1,1,1,0.28,2004,8,10,2,2,2,2,1,2,NA
"222",2,"Engineering      ",7.08487337440124,28.91513,31.97,0,1,1,0,0.28,2004,8,3,2,1,2,2,2,2,NA
"223",2,"Engineering      ",6.57837097878178,28.74812,31.97,0,1,1,0,0.28,2004,8,9,NA,NA,NA,NA,NA,1,3
"224",2,"Engineering      ",16.2518822724162,38.33402,31.97,2,1,1,1,0.28,2004,8,10,2,2,2,2,1,2,NA
"225",2,"Engineering      ",9.08487337440124,31.83299,31.97,0,0,1,0,0.28,2004,8,3,2,1,2,2,2,2,NA
"226",2,"Engineering      ",12.4934976043805,38.83299,31.97,0,1,1,0,0.28,2004,8,3,2,1,2,2,2,2,NA
"227",2,"Engineering      ",8.41889117043138,NA,31.97,0,1,1,0,0.28,2004,12,3,2,1,2,2,2,2,NA
"228",2,"Engineering      ",NA,NA,31.97,NA,0,NA,NA,0.28,2004,12,NA,NA,NA,NA,NA,NA,NA,NA
"229",2,"Engineering      ",5.33401779603014,27.41889,31.97,0,1,1,1,0.28,2004,12,3,2,1,2,2,2,2,NA
"230",2,"Engineering      ",7.91238877481192,31.08214,31.97,1,1,1,0,0.28,2004,12,10,2,2,2,2,1,2,NA
"231",2,"Engineering      ",7.91238877481192,31.82752,31.97,1,1,1,0,0.28,2004,12,10,2,2,2,2,1,2,NA
"232",2,"Engineering      ",7.50102669404532,29.24914,31.97,0,0,1,0,0.28,2004,12,10,2,2,2,2,1,2,NA
"233",2,"Engineering      ",8.82751540041068,34.16701,31.97,1,1,1,0,0.28,2004,12,3,2,1,2,2,2,2,NA
"234",2,"Engineering      ",6.82751540041068,32.08214,31.97,0,1,1,0,0.28,2004,12,3,2,1,2,2,2,2,NA
"235",2,"Engineering      ",5.50102669404532,27.24914,31.97,0,1,1,0,0.28,2004,12,10,2,2,2,2,1,2,NA
"236",2,"Engineering      ",5.50102669404532,26.75291,31.97,0,1,0,0,0.28,2004,12,NA,NA,NA,NA,NA,NA,NA,NA
"237",2,"Engineering      ",18.3340177960301,44.82752,31.97,2,0,1,0,0.28,2004,12,5,2,2,1,2,2,2,NA
"238",2,"Engineering      ",NA,30.5859,31.97,0,1,0,0,0.28,2004,12,9,NA,NA,NA,NA,NA,1,3
"239",2,"Engineering      ",13,NA,31.97,NA,1,0,0,0.28,2004,12,5,2,2,1,2,2,2,NA
"240",2,"Engineering      ",8.58590006844634,36.91239,31.97,NA,1,1,1,0.28,2004,12,5,2,2,1,2,2,2,NA
"241",2,"Engineering      ",7.58590006844634,29.66804,31.97,0,1,0,1,0.28,2004,12,10,2,2,2,2,1,2,NA
"242",2,"Engineering      ",16.5859000684463,38.33402,31.97,1,1,1,0,0.28,2004,12,3,2,1,2,2,2,2,NA
"243",2,"Engineering      ",NA,NA,31.97,NA,1,NA,NA,0.28,2004,12,NA,NA,NA,NA,NA,NA,NA,NA
"244",2,"Engineering      ",8,31.5859,31.97,1,1,1,0,0.28,2004,12,3,2,1,2,2,2,2,NA
"245",2,"Engineering      ",9.82751540041068,31.91239,31.97,1,1,1,0,0.28,2004,12,3,2,1,2,2,2,2,NA
"246",2,"Engineering      ",6.82751540041068,32.91239,31.97,1,1,1,0,0.28,2004,12,3,2,1,2,2,2,2,NA
"247",2,"Engineering      ",NA,34.91239,31.97,2,1,1,0,0.28,2004,12,3,2,1,2,2,2,2,NA
"248",2,"Engineering      ",12.4188911704314,34.08214,31.97,0,1,0,0,0.28,2004,12,3,2,1,2,2,2,2,NA
"249",2,"Engineering      ",11.8275154004107,35.24914,31.97,0,1,1,0,0.28,2004,12,3,2,1,2,2,2,2,NA
"250",2,"Engineering      ",7.41889117043138,29.91239,31.97,0,1,1,0,0.28,2004,12,3,2,1,2,2,2,2,NA
"251",2,"Engineering      ",9.41889117043138,31.24914,31.97,0,1,1,0,0.28,2004,12,3,2,1,2,2,2,2,NA
"252",2,"Engineering      ",7.41889117043138,31.91239,31.97,0,1,1,0,0.28,2004,12,3,2,1,2,2,2,2,NA
"253",2,"Engineering      ",8,30.66804,31.97,0,0,0,1,0.28,2004,12,10,2,2,2,2,1,2,NA
"254",2,"Engineering      ",5.58590006844634,28.24914,31.97,1,1,1,1,0.28,2004,12,5,2,2,1,2,2,2,NA
"255",2,"Engineering      ",NA,31.82752,31.97,0,1,0,0,0.28,2004,12,3,2,1,2,2,2,2,NA
"256",2,"Engineering      ",11.8275154004107,33.08214,31.97,3,1,1,0,0.28,2004,12,3,2,1,2,2,2,2,NA
"257",2,"Engineering      ",13.5010266940453,35.82752,31.97,3,1,1,0,0.28,2004,12,10,2,2,2,2,1,2,NA
"258",2,"Engineering      ",6.58590006844634,28.75291,31.97,0,1,0,1,0.28,2004,12,10,2,2,2,2,1,2,NA
"259",2,"Engineering      ",4.33401779603014,28.16701,31.97,0,1,0,0,0.28,2004,12,3,2,1,2,2,2,2,NA
"260",2,"Engineering      ",13.8275154004107,36.41889,31.97,1,1,1,0,0.28,2004,12,3,2,1,2,2,2,2,NA
"261",2,"Engineering      ",NA,34.41889,31.97,0,1,0,0,0.28,2004,12,3,2,1,2,2,2,2,NA
"262",2,"Engineering      ",6.82751540041068,32.66804,31.97,1,1,1,0,0.28,2004,12,3,2,1,2,2,2,2,NA
"263",2,"Engineering      ",12.8275154004107,36.75291,31.97,0,1,1,0,0.28,2004,12,3,2,1,2,2,2,2,NA
"264",2,"Engineering      ",5.41889117043138,31.75291,31.97,0,1,1,0,0.28,2004,12,3,2,1,2,2,2,2,NA
"265",2,"Engineering      ",7.82751540041068,33.75291,31.97,1,1,1,0,0.28,2004,12,3,2,1,2,2,2,2,NA
"266",2,"Engineering      ",5.58590006844634,29.66804,31.97,0,0,0,1,0.28,2004,12,10,2,2,2,2,1,2,NA
"267",2,"Engineering      ",13.8275154004107,35.16701,31.97,3,1,1,0,0.28,2004,12,3,2,1,2,2,2,2,NA
"268",2,"Engineering      ",7.58590006844634,30.5859,31.97,0,1,0,1,0.28,2004,12,10,2,2,2,2,1,2,NA
"269",2,"Engineering      ",NA,NA,31.97,NA,0,NA,NA,0.28,2004,12,NA,NA,NA,NA,NA,NA,NA,NA
"270",2,"Engineering      ",7.82751540041068,31.75291,31.97,0,1,0,0,0.28,2004,12,3,2,1,2,2,2,2,NA
"271",2,"Engineering      ",4.33401779603014,26.08214,31.97,0,1,1,1,0.28,2004,12,10,2,2,2,2,1,2,NA
"272",2,"Engineering      ",NA,27.5859,31.97,0,1,0,0,0.28,2004,12,10,2,2,2,2,1,2,NA
"273",2,"Engineering      ",11.4188911704314,NA,31.97,1,0,1,0,0.28,2004,12,3,2,1,2,2,2,2,NA
"274",2,"Engineering      ",6.58590006844634,30.08214,31.97,0,1,1,1,0.28,2004,12,10,2,2,2,2,1,2,NA
"275",2,"Engineering      ",4.75290896646152,29.16701,31.97,0,1,0,0,0.28,2004,12,10,2,2,2,2,1,2,NA
"276",2,"Engineering      ",6.58590006844634,35.50103,31.97,0,1,1,1,0.28,2004,12,10,2,2,2,2,1,2,NA
"277",2,"Engineering      ",5.58590006844634,28,31.97,0,1,1,1,0.28,2004,12,10,2,2,2,2,1,2,NA
"278",2,"Engineering      ",7.66324435318279,32.74812,31.97,0,1,1,0,0.28,2005,5,3,2,1,2,2,2,2,NA
"279",2,"Engineering      ",3.66324435318279,27.66324,31.97,0,1,0,0,0.28,2005,5,10,2,2,2,2,1,2,NA
"280",2,"Engineering      ",5,27.4141,31.97,NA,1,0,0,0.28,2005,5,3,2,1,2,2,2,2,NA
"281",2,"Engineering      ",7.83299110198504,29.08214,31.97,0,0,0,0,0.28,2005,5,3,2,1,2,2,2,2,NA
"282",2,"Engineering      ",5.91512662559899,29.16701,31.97,0,0,0,1,0.28,2005,5,6,NA,NA,NA,NA,NA,1,1
"283",2,"Engineering      ",6,28.24162,31.97,0,1,0,1,0.28,2005,5,10,2,2,2,2,1,2,NA
"284",2,"Engineering      ",10.6632443531828,34.08214,31.97,0,1,0,0,0.28,2005,5,9,NA,NA,NA,NA,NA,1,3
"285",2,"Engineering      ",11,37.32649,31.97,0,1,0,0,0.28,2005,5,3,2,1,2,2,2,2,NA
"286",2,"Engineering      ",14.832991101985,35.24162,31.97,1,0,1,0,0.28,2005,5,3,2,1,2,2,2,2,NA
"287",2,"Engineering      ",7.91512662559899,34.32649,31.97,1,1,1,0,0.28,2005,5,3,2,1,2,2,2,2,NA
"288",2,"Engineering      ",NA,32,31.97,1,0,1,0,0.28,2005,5,3,2,1,2,2,2,2,NA
"289",2,"Engineering      ",3.83299110198504,26.49624,31.97,0,1,0,0,0.28,2005,5,3,2,1,2,2,2,2,NA
"290",2,"Engineering      ",9.91512662559899,NA,31.97,NA,1,NA,0,0.28,2005,5,3,2,1,2,2,2,2,NA
"291",2,"Engineering      ",11.2416153319643,34.16701,31.97,2,1,1,0,0.28,2005,5,3,2,1,2,2,2,2,NA
"292",2,"Engineering      ",NA,36.16701,31.97,1,1,1,0,0.28,2005,5,3,2,1,2,2,2,2,NA
"293",2,"Engineering      ",5.7481177275838,31,31.97,0,1,0,0,0.28,2005,5,9,2,2,2,2,1,1,3
"294",2,"Engineering      ",11,36.4141,31.97,0,1,0,0,0.28,2005,5,10,2,2,2,2,1,2,NA
"295",2,"Engineering      ",3.41409993155366,NA,31.97,0,1,0,1,0.28,2005,5,12,NA,NA,NA,NA,NA,2,NA
"296",2,"Engineering      ",6.83299110198504,30.32649,31.97,0,1,1,0,0.28,2005,5,3,2,1,2,2,2,2,NA
"297",2,"Engineering      ",20.832991101985,50,31.97,3,1,1,0,0.28,2005,5,5,2,2,1,2,2,2,NA
"298",2,"Engineering      ",12.2416153319643,35.83299,31.97,0,1,0,0,0.28,2005,5,3,2,1,2,2,2,2,NA
"299",2,"Engineering      ",5.91512662559899,27,31.97,0,1,0,0,0.28,2005,5,10,2,2,2,2,1,2,NA
"300",2,"Engineering      ",NA,33.32649,31.97,0,1,0,0,0.28,2005,5,3,2,1,2,2,2,2,NA
"301",2,"Engineering      ",8.83299110198504,31.49624,31.97,0,1,1,0,0.28,2005,5,3,2,1,2,2,2,2,NA
"302",2,"Engineering      ",6,27.4141,31.97,0,1,1,1,0.28,2005,5,5,2,2,1,2,2,2,NA
"303",2,"Engineering      ",7,29.49624,31.97,0,1,0,0,0.28,2005,5,3,2,1,2,2,2,2,NA
"304",2,"Engineering      ",6.24161533196434,32,31.97,0,1,0,0,0.28,2005,5,3,2,1,2,2,2,2,NA
"305",2,"Engineering      ",11,33.24162,31.97,1,1,1,1,0.28,2005,5,10,2,2,2,2,1,2,NA
"306",2,"Engineering      ",NA,26.58111,31.97,0,1,0,0,0.28,2005,5,3,2,1,2,2,2,2,NA
"307",2,"Engineering      ",6.91512662559899,30.32649,31.97,0,1,0,1,0.28,2005,5,10,2,2,2,2,1,2,NA
"308",2,"Engineering      ",14.2416153319643,36.58111,31.97,3,1,1,0,0.28,2005,5,3,2,1,2,2,2,2,NA
"309",2,"Engineering      ",10.832991101985,31.4141,31.97,1,1,1,0,0.28,2005,5,3,2,1,2,2,2,2,NA
"310",2,"Engineering      ",9,30.58111,31.97,0,1,1,0,0.28,2005,5,3,2,1,2,2,2,2,NA
"311",2,"Engineering      ",NA,31.91513,31.97,1,1,1,0,0.28,2005,5,12,NA,NA,NA,NA,NA,2,NA
"312",2,"Engineering      ",18.4140999315537,41.66324,31.97,2,1,1,1,0.28,2005,5,10,2,2,2,2,1,2,NA
"313",2,"Engineering      ",6.08213552361394,28.08214,31.97,0,1,0,1,0.28,2005,5,10,2,2,2,2,1,2,NA
"314",3,"Education        ",9.66598220396986,31.83299,39.07,0,0,1,1,0.89,2004,8,10,2,2,2,2,1,2,NA
"315",3,"Education        ",14.6659822039699,39.41889,39.07,0,0,1,1,0.89,2004,8,10,2,2,2,2,1,2,NA
"316",3,"Education        ",7.2518822724162,29.57837,39.07,0,1,1,1,0.89,2004,8,10,2,2,2,2,1,2,NA
"317",3,"Education        ",15.2518822724162,37.25188,39.07,1,0,1,1,0.89,2004,8,10,2,2,2,2,1,2,NA
"318",3,"Education        ",11.2518822724162,33.41889,39.07,0,1,1,1,0.89,2004,8,10,2,2,2,2,1,2,NA
"319",3,"Education        ",NA,32.41889,39.07,0,1,1,0,0.89,2004,8,10,2,2,2,2,1,2,NA
"320",3,"Education        ",9.33401779603014,32.91513,39.07,0,1,1,1,0.89,2004,8,10,2,2,2,2,1,2,NA
"321",3,"Education        ",14.2518822724162,41,39.07,2,1,1,1,0.89,2004,8,10,2,2,2,2,1,2,NA
"322",3,"Education        ",12.6659822039699,36.57837,39.07,1,0,1,1,0.89,2004,8,10,2,2,2,2,1,2,NA
"323",3,"Education        ",17,39.33402,39.07,1,1,0,1,0.89,2004,8,5,2,2,1,2,2,2,NA
"324",3,"Education        ",12.0848733744012,36.16701,39.07,NA,0,1,0,0.89,2004,8,3,2,1,2,2,2,2,NA
"325",3,"Education        ",5.2518822724162,26.66598,39.07,0,0,0,1,0.89,2004,8,9,2,2,2,2,1,1,3
"326",3,"Education        ",10.6659822039699,33.33402,39.07,0,0,1,1,0.89,2004,8,10,2,2,2,2,1,2,NA
"327",3,"Education        ",24.1670088980152,47.08487,39.07,0,0,0,1,0.89,2004,8,10,2,2,2,2,1,2,NA
"328",3,"Education        ",13.2518822724162,34.57837,39.07,0,0,0,1,0.89,2004,8,10,2,2,2,2,1,2,NA
"329",3,"Education        ",7.49349760438054,31.74812,39.07,1,1,1,0,0.89,2004,8,3,2,1,2,2,2,2,NA
"330",3,"Education        ",4.2518822724162,26.4935,39.07,0,0,1,1,0.89,2004,8,10,2,2,2,2,1,2,NA
"331",3,"Education        ",10.6659822039699,32.41889,39.07,0,0,0,1,0.89,2004,8,10,2,2,2,2,1,2,NA
"332",3,"Education        ",10.0848733744012,32.4935,39.07,0,0,0,1,0.89,2004,8,8,NA,NA,NA,NA,NA,1,2
"333",3,"Education        ",8.2518822724162,30.33402,39.07,0,0,0,1,0.89,2004,8,12,NA,NA,NA,NA,NA,2,NA
"334",3,"Education        ",16.2518822724162,40.08487,39.07,3,1,1,1,0.89,2004,8,12,NA,NA,NA,NA,NA,2,NA
"335",3,"Education        ",6.2518822724162,29.66598,39.07,0,0,0,1,0.89,2004,8,4,2,2,2,1,2,2,NA
"336",3,"Education        ",15.1670088980152,37.33402,39.07,2,0,0,1,0.89,2004,8,10,2,2,2,2,1,2,NA
"337",3,"Education        ",31.5010266940453,53.08214,39.07,0,0,0,1,0.89,2004,12,10,2,2,2,2,1,NA,NA
"338",3,"Education        ",12.4188911704314,33,39.07,0,0,0,0,0.89,2004,12,10,2,2,2,2,1,2,NA
"339",3,"Education        ",26.4188911704314,48.24914,39.07,1,1,1,1,0.89,2004,12,10,2,2,2,2,1,2,NA
"340",3,"Education        ",15,37.75291,39.07,0,1,1,1,0.89,2004,12,10,2,2,2,2,1,2,NA
"341",3,"Education        ",10.5010266940453,35.24914,39.07,0,0,0,1,0.89,2004,12,10,2,2,2,2,1,2,NA
"342",3,"Education        ",19.5859000684463,41.75291,39.07,0,0,0,1,0.89,2004,12,6,2,2,2,2,1,1,1
"343",3,"Education        ",25.5859000684463,49.08214,39.07,2,0,1,1,0.89,2004,12,10,2,2,2,2,1,2,NA
"344",3,"Education        ",33.5010266940453,55.66804,39.07,0,1,0,1,0.89,2004,12,10,2,2,2,2,1,2,NA
"345",3,"Education        ",14.8275154004107,38.41889,39.07,2,0,1,1,0.89,2004,12,9,2,2,2,2,1,1,3
"346",3,"Education        ",7.58590006844634,30,39.07,0,0,0,1,0.89,2004,12,10,2,2,2,2,1,2,NA
"347",3,"Education        ",10.0821355236139,31.91513,39.07,1,1,1,1,0.89,2005,5,10,2,2,2,2,1,2,NA
"348",3,"Education        ",11.4140999315537,38.58111,39.07,2,0,1,1,0.89,2005,5,10,2,2,2,2,1,2,NA
"349",3,"Education        ",12,34,39.07,0,0,0,1,0.89,2005,5,10,2,2,2,2,1,2,NA
"350",3,"Education        ",28,49.91513,39.07,1,1,1,1,0.89,2005,5,10,2,2,2,2,1,2,NA
"351",3,"Education        ",39.915126625599,61.58111,39.07,0,1,0,1,0.89,2005,5,10,2,2,2,2,1,2,NA
"352",3,"Education        ",32.915126625599,54.49624,39.07,0,0,1,1,0.89,2005,5,10,2,2,2,2,1,2,NA
"353",3,"Education        ",32.1670088980152,54.83299,39.07,1,0,1,1,0.89,2005,5,10,2,2,2,2,1,2,NA
"354",3,"Education        ",31.915126625599,54,39.07,0,0,0,1,0.89,2005,5,10,2,2,2,2,1,2,NA
"355",3,"Education        ",16,51.91513,39.07,0,0,1,1,0.89,2005,5,10,2,2,2,2,1,2,NA
"356",3,"Education        ",20,42.91513,39.07,0,1,0,1,0.89,2005,5,10,2,2,2,2,1,2,NA
"357",3,"Education        ",6,27.4141,39.07,0,0,1,1,0.89,2005,5,10,2,2,2,2,1,2,NA
"358",3,"Education        ",NA,33.91513,39.07,3,1,1,1,0.89,2005,5,10,2,2,2,2,1,2,NA
"359",3,"Education        ",12.7481177275838,44.83299,39.07,2,0,1,1,0.89,2005,5,10,2,2,2,2,1,2,NA
"360",3,"Education        ",6,28.66324,39.07,0,1,1,1,0.89,2005,5,10,2,2,2,2,1,2,NA
"361",3,"Education        ",NA,42.08214,39.07,0,0,1,1,0.89,2005,5,5,2,2,1,2,2,2,NA
"362",3,"Education        ",11,32.83299,39.07,1,0,1,1,0.89,2005,5,10,2,2,2,2,1,2,NA
"363",3,"Education        ",8.41409993155366,33.32649,39.07,0,1,1,1,0.89,2005,5,10,2,2,2,2,1,2,NA
"364",3,"Education        ",10,33.49624,39.07,0,1,0,1,0.89,2005,5,10,2,2,2,2,1,2,NA
"365",3,"Education        ",12.7481177275838,36.4141,39.07,0,0,0,0,0.89,2005,5,3,2,1,2,2,2,2,NA
"366",3,"Education        ",9.91512662559899,33.24162,39.07,0,0,0,0,0.89,2005,5,10,2,2,2,2,1,2,NA
"367",3,"Education        ",24.915126625599,58.66324,39.07,0,1,1,1,0.89,2005,5,10,2,2,2,2,1,2,NA
"368",3,"Education        ",33.7481177275838,55.58111,39.07,0,0,1,1,0.89,2005,5,10,2,2,2,2,1,2,NA
"369",4,"Physical Sciences",10.2518822724162,31.66598,30.46,0,1,1,0,0.46,2004,8,3,2,1,2,2,2,2,NA
"370",4,"Physical Sciences",6.2518822724162,29.33402,30.46,0,1,0,1,0.46,2004,8,9,NA,NA,NA,NA,NA,1,3
"371",4,"Physical Sciences",7.2518822724162,29.57837,30.46,0,1,0,0,0.46,2004,8,3,2,1,2,2,2,2,NA
"372",4,"Physical Sciences",8.16700889801518,29.74812,30.46,0,1,1,1,0.46,2004,8,10,2,2,2,2,1,2,NA
"373",4,"Physical Sciences",7.91512662559899,31,30.46,1,1,1,0,0.46,2004,8,10,2,2,2,2,1,2,NA
"374",4,"Physical Sciences",NA,29.91513,30.46,0,1,0,0,0.46,2004,8,10,2,2,2,2,1,2,NA
"375",4,"Physical Sciences",6,28.25188,30.46,0,0,0,0,0.46,2004,8,3,2,1,2,2,2,2,NA
"376",4,"Physical Sciences",5.2518822724162,27.4935,30.46,0,1,0,1,0.46,2004,8,10,2,2,2,2,1,2,NA
"377",4,"Physical Sciences",7,27.83299,30.46,0,1,NA,0,0.46,2004,8,3,2,1,2,2,2,2,NA
"378",4,"Physical Sciences",6.2518822724162,28,30.46,0,1,0,1,0.46,2004,8,10,2,2,2,2,1,2,NA
"379",4,"Physical Sciences",5.2518822724162,26.16701,30.46,0,1,0,1,0.46,2004,8,10,2,2,2,2,1,2,NA
"380",4,"Physical Sciences",7,29.25188,30.46,0,1,0,1,0.46,2004,8,10,2,2,2,2,1,2,NA
"381",4,"Physical Sciences",6.83299110198504,30.08487,30.46,0,0,1,0,0.46,2004,8,10,2,2,2,2,1,2,NA
"382",4,"Physical Sciences",4,26.4935,30.46,0,0,0,1,0.46,2004,8,10,2,2,2,2,1,2,NA
"383",4,"Physical Sciences",6.66598220396986,29.66598,30.46,0,0,1,1,0.46,2004,8,10,2,2,2,2,1,2,NA
"384",4,"Physical Sciences",5.2518822724162,26.74812,30.46,0,0,1,1,0.46,2004,8,10,2,2,2,2,1,2,NA
"385",4,"Physical Sciences",5.16700889801518,29.25188,30.46,0,0,1,0,0.46,2004,8,10,2,2,2,2,1,2,NA
"386",4,"Physical Sciences",6.2518822724162,30,30.46,1,0,1,1,0.46,2004,8,10,2,2,2,2,1,2,NA
"387",4,"Physical Sciences",NA,29.33402,30.46,0,1,0,0,0.46,2004,8,10,2,2,2,2,1,2,NA
"388",4,"Physical Sciences",5.2518822724162,26.16701,30.46,0,1,1,0,0.46,2004,8,10,2,2,2,2,1,2,NA
"389",4,"Physical Sciences",4.2518822724162,27.57837,30.46,0,0,1,1,0.46,2004,8,6,2,2,2,2,1,1,1
"390",4,"Physical Sciences",9.08487337440124,30.41889,30.46,1,0,1,0,0.46,2004,8,3,2,1,2,2,2,2,NA
"391",4,"Physical Sciences",8.16700889801518,30.41889,30.46,1,0,1,0,0.46,2004,8,3,2,1,2,2,2,2,NA
"392",4,"Physical Sciences",NA,30,30.46,0,0,0,0,0.46,2004,8,10,2,2,2,2,1,2,NA
"393",4,"Physical Sciences",5.66598220396986,27.91513,30.46,0,1,0,1,0.46,2004,8,10,2,2,2,2,1,2,NA
"394",4,"Physical Sciences",5.2518822724162,28.4935,30.46,1,1,1,0,0.46,2004,8,5,2,2,1,2,2,2,NA
"395",4,"Physical Sciences",NA,34.4935,30.46,0,0,0,0,0.46,2004,8,10,2,2,2,2,1,2,NA
"396",4,"Physical Sciences",5.2518822724162,29.74812,30.46,0,0,0,1,0.46,2004,8,10,2,2,2,2,1,2,NA
"397",4,"Physical Sciences",14.0848733744012,37.16701,30.46,1,1,1,0,0.46,2004,8,3,2,1,2,2,2,2,NA
"398",4,"Physical Sciences",14.2518822724162,36.33402,30.46,3,0,1,1,0.46,2004,8,10,2,2,2,2,1,2,NA
"399",4,"Physical Sciences",5.58590006844634,27.5859,30.46,0,1,1,1,0.46,2004,12,10,2,2,2,2,1,2,NA
"400",4,"Physical Sciences",14.4188911704314,36.66804,30.46,0,1,1,0,0.46,2004,12,10,2,2,2,2,1,2,NA
"401",4,"Physical Sciences",11.4188911704314,31.75291,30.46,0,1,1,0,0.46,2004,12,3,2,1,2,2,2,2,NA
"402",4,"Physical Sciences",6.41889117043138,29.41889,30.46,0,1,1,0,0.46,2004,12,3,2,1,2,2,2,2,NA
"403",4,"Physical Sciences",5,28.82752,30.46,0,1,1,1,0.46,2004,12,10,2,2,2,2,1,2,NA
"404",4,"Physical Sciences",4.41889117043138,29.16701,30.46,0,1,1,1,0.46,2004,12,10,2,2,2,2,1,2,NA
"405",4,"Physical Sciences",5.33401779603014,28.24914,30.46,0,1,0,1,0.46,2004,12,10,2,2,2,2,1,2,NA
"406",4,"Physical Sciences",7.41889117043138,30.82752,30.46,0,1,0,1,0.46,2004,12,10,2,2,2,2,1,2,NA
"407",4,"Physical Sciences",NA,31.08214,30.46,0,1,1,0,0.46,2004,12,3,2,1,2,2,2,2,NA
"408",4,"Physical Sciences",11.5010266940453,34,30.46,NA,0,1,0,0.46,2004,12,3,2,1,2,2,2,2,NA
"409",4,"Physical Sciences",13.4188911704314,34.16701,30.46,0,0,0,0,0.46,2004,12,3,2,1,2,2,2,2,NA
"410",4,"Physical Sciences",7,NA,30.46,0,0,0,1,0.46,2004,12,5,2,2,1,2,2,2,NA
"411",4,"Physical Sciences",6.50102669404532,31.16701,30.46,0,1,0,1,0.46,2004,12,3,2,1,2,2,2,2,NA
"412",4,"Physical Sciences",4.58590006844634,28,30.46,0,1,1,1,0.46,2004,12,10,2,2,2,2,1,2,NA
"413",4,"Physical Sciences",5.50102669404532,26.50103,30.46,0,1,1,0,0.46,2004,12,10,2,2,2,2,1,2,NA
"414",4,"Physical Sciences",4.58590006844634,27,30.46,0,1,1,1,0.46,2004,12,10,2,2,2,2,1,2,NA
"415",4,"Physical Sciences",8,29.50103,30.46,1,1,1,1,0.46,2004,12,3,2,1,2,2,2,2,NA
"416",4,"Physical Sciences",NA,NA,30.46,NA,1,NA,NA,0.46,2004,12,NA,NA,NA,NA,NA,NA,NA,NA
"417",4,"Physical Sciences",5.50102669404532,27.50103,30.46,0,0,0,0,0.46,2004,12,9,2,2,1,2,1,1,3
"418",4,"Physical Sciences",8.50102669404532,34.16701,30.46,0,1,1,0,0.46,2004,12,10,2,2,2,2,1,2,NA
"419",4,"Physical Sciences",8.41889117043138,31.33402,30.46,0,1,1,0,0.46,2004,12,3,2,1,2,2,2,2,NA
"420",4,"Physical Sciences",NA,29,30.46,0,1,1,1,0.46,2004,12,9,2,2,2,2,1,1,3
"421",4,"Physical Sciences",12.4188911704314,35.24914,30.46,0,1,0,0,0.46,2004,12,3,2,1,2,2,2,2,NA
"422",4,"Physical Sciences",5.33401779603014,28.24914,30.46,0,1,0,0,0.46,2004,12,10,2,2,2,2,1,2,NA
"423",4,"Physical Sciences",8.33401779603014,30.41889,30.46,0,1,1,0,0.46,2004,12,3,2,1,2,2,2,2,NA
"424",4,"Physical Sciences",8.33401779603014,35.16701,30.46,2,1,1,0,0.46,2004,12,3,2,1,2,2,2,2,NA
"425",4,"Physical Sciences",NA,30.41889,30.46,0,1,0,0,0.46,2004,12,5,2,2,1,2,2,2,NA
"426",4,"Physical Sciences",9,33.66804,30.46,0,1,1,1,0.46,2004,12,10,2,2,2,2,1,2,NA
"427",4,"Physical Sciences",4.50102669404532,33.5859,30.46,0,1,0,0,0.46,2004,12,10,2,2,2,2,1,2,NA
"428",4,"Physical Sciences",8.50102669404532,30.5859,30.46,1,1,0,0,0.46,2004,12,10,2,2,2,2,1,2,NA
"429",4,"Physical Sciences",8.91512662559899,32.4141,30.46,0,1,0,0,0.46,2005,5,10,2,2,2,2,1,2,NA
"430",4,"Physical Sciences",11.2416153319643,36.58111,30.46,1,1,1,0,0.46,2005,5,3,2,1,2,2,2,2,NA
"431",4,"Physical Sciences",11.2416153319643,36.74812,30.46,1,1,1,0,0.46,2005,5,3,2,1,2,2,2,2,NA
"432",4,"Physical Sciences",12.915126625599,34.83299,30.46,1,0,1,0,0.46,2005,5,3,2,1,2,2,2,2,NA
"433",4,"Physical Sciences",7.41409993155366,27.74812,30.46,0,0,0,1,0.46,2005,5,10,2,2,2,2,1,2,NA
"434",4,"Physical Sciences",NA,31.58111,30.46,0,1,1,0,0.46,2005,5,3,2,1,2,2,2,2,NA
"435",4,"Physical Sciences",5.41409993155366,27.08214,30.46,0,1,1,1,0.46,2005,5,10,2,2,2,2,1,2,NA
"436",4,"Physical Sciences",5.08213552361394,37,30.46,0,0,0,1,0.46,2005,5,10,2,2,2,2,1,2,NA
"437",4,"Physical Sciences",8,30.83299,30.46,0,1,0,1,0.46,2005,5,5,2,2,1,2,2,2,NA
"438",4,"Physical Sciences",4.91512662559899,27,30.46,0,1,0,0,0.46,2005,5,10,2,2,2,2,1,2,NA
"439",4,"Physical Sciences",5,28,30.46,0,0,0,1,0.46,2005,5,6,2,2,2,2,2,1,1
"440",4,"Physical Sciences",NA,26,30.46,0,1,0,1,0.46,2005,5,12,NA,NA,NA,NA,NA,2,NA
"441",4,"Physical Sciences",4.91512662559899,27.49624,30.46,0,1,0,1,0.46,2005,5,10,2,2,2,2,1,2,NA
"442",4,"Physical Sciences",11.832991101985,34.58111,30.46,2,1,1,0,0.46,2005,5,3,2,1,2,2,2,2,NA
"443",4,"Physical Sciences",6.83299110198504,28.16701,30.46,0,0,1,0,0.46,2005,5,3,2,1,2,2,2,2,NA
"444",4,"Physical Sciences",5.91512662559899,27.83299,30.46,0,0,0,1,0.46,2005,5,10,2,2,2,2,1,2,NA
"445",4,"Physical Sciences",8,29.66324,30.46,0,1,0,1,0.46,2005,5,6,NA,NA,NA,NA,NA,1,1
"446",4,"Physical Sciences",6.08213552361394,27.83299,30.46,1,1,1,0,0.46,2005,5,10,2,2,2,2,1,2,NA
"447",4,"Physical Sciences",14.4140999315537,39.74812,30.46,0,0,1,1,0.46,2005,5,9,2,2,2,2,1,1,3
"448",4,"Physical Sciences",6,28.08214,30.46,1,1,1,1,0.46,2005,5,10,2,2,2,2,1,2,NA
"449",4,"Physical Sciences",7.83299110198504,29.08214,30.46,0,1,1,0,0.46,2005,5,10,2,2,2,2,1,2,NA
"450",4,"Physical Sciences",8,29.49624,30.46,0,1,0,1,0.46,2005,5,11,2,2,1,2,1,2,NA
"451",4,"Physical Sciences",6,28.83299,30.46,0,1,0,0,0.46,2005,5,3,2,1,2,2,2,2,NA
"452",4,"Physical Sciences",5.91512662559899,29.58111,30.46,0,1,0,0,0.46,2005,5,10,2,2,2,2,1,2,NA
"453",4,"Physical Sciences",6,28,30.46,0,1,0,1,0.46,2005,5,10,2,2,2,2,1,2,NA
"454",4,"Physical Sciences",6,28,30.46,0,0,1,1,0.46,2005,5,10,2,2,2,2,1,2,NA
"455",4,"Physical Sciences",5.91512662559899,28.16701,30.46,0,1,1,0,0.46,2005,5,3,2,1,2,2,2,2,NA
"456",4,"Physical Sciences",6.91512662559899,28.32649,30.46,0,0,1,0,0.46,2005,5,3,2,1,2,2,2,2,NA
"457",4,"Physical Sciences",21.4140999315537,42.08214,30.46,2,1,0,0,0.46,2005,5,9,2,2,2,2,1,1,3
"458",4,"Physical Sciences",16,38.16701,30.46,2,0,1,1,0.46,2005,5,10,2,2,2,2,1,2,NA
"459",5,"Social Sciences  ",7.16700889801518,29,34.42,0,0,0,1,0.87,2004,8,10,2,2,2,2,1,2,NA
"460",5,"Social Sciences  ",9.2518822724162,35.4935,34.42,2,1,1,1,0.87,2004,8,10,2,2,2,2,1,2,NA
"461",5,"Social Sciences  ",8.2518822724162,29.83299,34.42,0,0,0,1,0.87,2004,8,10,2,2,2,2,1,2,NA
"462",5,"Social Sciences  ",9.08487337440124,31.16701,34.42,0,1,0,1,0.87,2004,8,10,2,2,2,2,1,2,NA
"463",5,"Social Sciences  ",6.2518822724162,28.57837,34.42,0,0,0,1,0.87,2004,8,3,2,1,2,2,2,2,NA
"464",5,"Social Sciences  ",9.2518822724162,31.83299,34.42,0,1,0,1,0.87,2004,8,8,2,2,2,2,1,1,2
"465",5,"Social Sciences  ",17.2518822724162,44.08487,34.42,0,0,0,1,0.87,2004,8,10,2,2,2,2,1,2,NA
"466",5,"Social Sciences  ",10.0848733744012,33.57837,34.42,0,1,1,1,0.87,2004,8,10,2,2,2,2,1,2,NA
"467",5,"Social Sciences  ",6.2518822724162,28.16701,34.42,0,0,0,1,0.87,2004,8,10,2,2,2,2,1,2,NA
"468",5,"Social Sciences  ",7.16700889801518,28.66598,34.42,0,1,0,1,0.87,2004,8,10,2,2,2,2,1,2,NA
"469",5,"Social Sciences  ",9.2518822724162,31.57837,34.42,0,0,0,1,0.87,2004,8,5,2,2,1,2,2,2,NA
"470",5,"Social Sciences  ",8.66598220396986,30.33402,34.42,0,0,0,1,0.87,2004,8,8,2,2,2,2,1,1,2
"471",5,"Social Sciences  ",NA,28.91513,34.42,0,0,0,1,0.87,2004,8,10,2,2,2,2,1,2,NA
"472",5,"Social Sciences  ",12.6659822039699,37.91513,34.42,3,0,0,1,0.87,2004,8,7,NA,NA,NA,NA,NA,1,0
"473",5,"Social Sciences  ",5.08487337440124,29.4935,34.42,0,1,0,0,0.87,2004,8,3,2,1,2,2,2,2,NA
"474",5,"Social Sciences  ",7.2518822724162,31.16701,34.42,0,1,0,1,0.87,2004,8,10,2,2,2,2,1,2,NA
"475",5,"Social Sciences  ",7.08487337440124,NA,34.42,NA,0,NA,NA,0.87,2004,8,10,2,2,2,2,1,2,NA
"476",5,"Social Sciences  ",9.2518822724162,31.66598,34.42,0,1,0,1,0.87,2004,8,12,NA,NA,NA,NA,NA,2,NA
"477",5,"Social Sciences  ",8.16700889801518,31.25188,34.42,0,1,0,1,0.87,2004,8,7,NA,NA,NA,NA,NA,1,0
"478",5,"Social Sciences  ",12.1670088980152,35.25188,34.42,0,0,1,1,0.87,2004,8,10,2,2,2,2,1,2,NA
"479",5,"Social Sciences  ",21.5783709787818,44.4935,34.42,0,1,1,1,0.87,2004,8,10,2,2,2,2,1,2,NA
"480",5,"Social Sciences  ",9.16700889801518,32.4935,34.42,0,1,0,0,0.87,2004,8,10,2,2,2,2,1,2,NA
"481",5,"Social Sciences  ",33.2518822724162,55.83299,34.42,0,0,1,1,0.87,2004,8,5,2,2,1,2,2,2,NA
"482",5,"Social Sciences  ",11.2518822724162,44.25188,34.42,2,0,0,1,0.87,2004,8,10,2,2,2,2,1,2,NA
"483",5,"Social Sciences  ",8.58590006844634,30,34.42,1,0,1,1,0.87,2004,12,10,2,2,2,2,1,2,NA
"484",5,"Social Sciences  ",15.5859000684463,37.5859,34.42,0,0,0,1,0.87,2004,12,10,2,2,2,2,1,2,NA
"485",5,"Social Sciences  ",5.58590006844634,28.24914,34.42,0,0,1,1,0.87,2004,12,10,2,2,2,2,1,2,NA
"486",5,"Social Sciences  ",7,28.16701,34.42,0,0,0,1,0.87,2004,12,10,2,2,2,2,1,2,NA
"487",5,"Social Sciences  ",18.5859000684463,40.75291,34.42,0,0,0,1,0.87,2004,12,10,2,2,2,2,1,2,NA
"488",5,"Social Sciences  ",6.58590006844634,28.41889,34.42,0,0,0,1,0.87,2004,12,10,2,2,2,2,1,2,NA
"489",5,"Social Sciences  ",8.33401779603014,32.08214,34.42,0,1,1,1,0.87,2004,12,9,2,2,2,2,1,1,3
"490",5,"Social Sciences  ",9,32.5859,34.42,0,0,0,1,0.87,2004,12,10,2,2,2,2,1,2,NA
"491",5,"Social Sciences  ",9.41889117043138,31.50103,34.42,0,0,1,1,0.87,2004,12,10,2,2,2,2,1,2,NA
"492",5,"Social Sciences  ",17,39.75291,34.42,3,0,1,1,0.87,2004,12,9,2,2,2,2,1,1,3
"493",5,"Social Sciences  ",6.41889117043138,28.16701,34.42,0,1,1,0,0.87,2004,12,11,2,1,2,2,1,2,NA
"494",5,"Social Sciences  ",5.58590006844634,28,34.42,0,1,0,1,0.87,2004,12,10,2,2,2,2,1,2,NA
"495",5,"Social Sciences  ",7.58590006844634,29.50103,34.42,NA,1,1,1,0.87,2004,12,9,2,2,2,2,1,1,3
"496",5,"Social Sciences  ",9,35.08214,34.42,0,0,1,1,0.87,2004,12,10,2,2,2,2,1,2,NA
"497",5,"Social Sciences  ",8.58590006844634,30.91239,34.42,0,1,0,1,0.87,2004,12,9,NA,NA,NA,NA,NA,1,3
"498",5,"Social Sciences  ",22,44.24914,34.42,0,0,0,1,0.87,2004,12,5,2,2,1,2,2,2,NA
"499",5,"Social Sciences  ",7.66803559206028,30.66804,34.42,0,0,0,1,0.87,2004,12,10,2,2,2,2,1,2,NA
"500",5,"Social Sciences  ",20.5859000684463,43.82752,34.42,0,1,0,1,0.87,2004,12,10,2,2,2,2,1,2,NA
"501",5,"Social Sciences  ",15,38.75291,34.42,0,1,0,1,0.87,2004,12,9,2,2,2,2,1,1,3
"502",5,"Social Sciences  ",17.3340177960301,42.33402,34.42,0,1,0,1,0.87,2004,12,10,2,2,2,2,1,2,NA
"503",5,"Social Sciences  ",NA,38.08214,34.42,NA,0,0,0,0.87,2004,12,9,NA,NA,NA,NA,NA,1,3
"504",5,"Social Sciences  ",9.41889117043138,64.08214,34.42,0,1,0,1,0.87,2004,12,10,2,2,2,2,1,2,NA
"505",5,"Social Sciences  ",9,30.83299,34.42,0,1,1,1,0.87,2005,5,10,2,2,2,2,1,2,NA
"506",5,"Social Sciences  ",8,30.16701,34.42,0,0,1,1,0.87,2005,5,10,2,2,2,2,1,2,NA
"507",5,"Social Sciences  ",7.41409993155366,29.24162,34.42,0,0,0,1,0.87,2005,5,10,2,2,2,2,1,2,NA
"508",5,"Social Sciences  ",8,32.24162,34.42,0,1,0,1,0.87,2005,5,10,2,2,2,2,1,2,NA
"509",5,"Social Sciences  ",6,26.83299,34.42,0,0,1,1,0.87,2005,5,8,2,2,2,2,1,1,2
"510",5,"Social Sciences  ",13,34.91513,34.42,0,0,1,1,0.87,2005,5,11,2,1,2,2,1,2,NA
"511",5,"Social Sciences  ",11.915126625599,34.91513,34.42,0,0,0,0,0.87,2005,5,10,2,2,2,2,1,2,NA
"512",5,"Social Sciences  ",6.08213552361394,29.49624,34.42,0,1,0,0,0.87,2005,5,10,2,2,2,2,1,2,NA
"513",5,"Social Sciences  ",10,32.16701,34.42,0,0,1,1,0.87,2005,5,10,2,2,2,2,1,2,NA
"514",5,"Social Sciences  ",9.41409993155366,31.74812,34.42,0,1,0,1,0.87,2005,5,10,2,2,2,2,1,2,NA
"515",5,"Social Sciences  ",11.4140999315537,34.91513,34.42,2,1,1,1,0.87,2005,5,10,2,2,2,2,1,2,NA
"516",5,"Social Sciences  ",5.83299110198504,47.66324,34.42,2,0,0,1,0.87,2005,5,5,2,2,1,2,2,2,NA
"517",5,"Social Sciences  ",5,25.58111,34.42,0,0,0,0,0.87,2005,5,3,2,1,2,2,2,2,NA
"518",5,"Social Sciences  ",20.832991101985,41.91513,34.42,2,0,1,0,0.87,2005,5,10,2,2,2,2,1,2,NA
"519",5,"Social Sciences  ",8,34.83299,34.42,0,0,0,1,0.87,2005,5,10,2,2,2,2,1,2,NA
"520",6,"Humanities       ",14.2518822724162,36.66598,40.01,0,1,1,1,0.67,2004,8,6,2,2,2,2,1,1,1
"521",6,"Humanities       ",33.2518822724162,54.66598,40.01,0,1,1,1,0.67,2004,8,10,2,2,2,2,1,2,NA
"522",6,"Humanities       ",26.2518822724162,49.25188,40.01,2,1,1,1,0.67,2004,8,9,2,2,2,2,1,1,3
"523",6,"Humanities       ",11.4934976043805,33.4935,40.01,0,0,0,0,0.67,2004,8,3,2,1,2,2,2,2,NA
"524",6,"Humanities       ",9.2518822724162,31,40.01,0,0,0,1,0.67,2004,8,11,2,2,1,2,1,2,NA
"525",6,"Humanities       ",12.2518822724162,35.57837,40.01,0,0,0,1,0.67,2004,8,10,2,2,2,2,1,2,NA
"526",6,"Humanities       ",12.1670088980152,40.25188,40.01,0,1,0,1,0.67,2004,8,10,2,2,2,2,1,2,NA
"527",6,"Humanities       ",19.6659822039699,42.08487,40.01,0,1,0,1,0.67,2004,8,10,2,2,2,2,1,2,NA
"528",6,"Humanities       ",6.66598220396986,46.57837,40.01,2,0,1,0,0.67,2004,8,9,NA,NA,NA,NA,NA,1,3
"529",6,"Humanities       ",9.2518822724162,31.4935,40.01,0,0,0,1,0.67,2004,8,10,2,2,2,2,1,2,NA
"530",6,"Humanities       ",14.8275154004107,36.75291,40.01,0,0,0,0,0.67,2004,12,3,2,1,2,2,2,2,NA
"531",6,"Humanities       ",16.3340177960301,40.24914,40.01,1,1,0,0,0.67,2004,12,10,2,2,2,2,1,2,NA
"532",6,"Humanities       ",6.58590006844634,41.16701,40.01,3,0,1,0,0.67,2004,12,10,2,2,2,2,1,2,NA
"533",6,"Humanities       ",16.5859000684463,38.33402,40.01,0,0,0,1,0.67,2004,12,10,2,2,2,2,1,2,NA
"534",6,"Humanities       ",28.6680355920603,53.5859,40.01,0,0,0,1,0.67,2004,12,10,2,2,2,2,1,2,NA
"535",6,"Humanities       ",8.08213552361394,29.83299,40.01,0,1,0,1,0.67,2005,5,10,2,2,2,2,1,2,NA
"536",6,"Humanities       ",14.2416153319643,42.24162,40.01,0,1,1,1,0.67,2005,5,10,2,2,2,2,1,2,NA
"537",6,"Humanities       ",14,NA,40.01,NA,0,NA,0,0.67,2005,5,3,2,1,2,2,2,2,NA
"538",6,"Humanities       ",16,35.16701,40.01,0,1,0,1,0.67,2005,5,10,2,2,2,2,1,2,NA
"539",6,"Humanities       ",27,48.58111,40.01,0,0,1,1,0.67,2005,5,10,2,2,2,2,1,2,NA
"540",6,"Humanities       ",NA,33.24162,40.01,0,1,1,0,0.67,2005,5,3,2,1,2,2,2,2,NA
"541",7,"Other            ",5.08487337440124,29.41889,33.79,0,1,1,0,0.59,2004,8,10,2,2,2,2,1,2,NA
"542",7,"Other            ",9.16700889801518,31.4935,33.79,0,0,0,0,0.59,2004,8,3,2,1,2,2,2,2,NA
"543",7,"Other            ",6.2518822724162,28.83299,33.79,0,0,0,0,0.59,2004,8,10,2,2,2,2,1,2,NA
"544",7,"Other            ",7.66598220396986,30,33.79,0,1,1,0,0.59,2004,8,10,2,2,2,2,1,2,NA
"545",7,"Other            ",14.2518822724162,38.57837,33.79,3,1,0,1,0.59,2004,8,10,2,2,2,2,1,2,NA
"546",7,"Other            ",10.2518822724162,33.83299,33.79,0,1,0,1,0.59,2004,8,10,2,2,2,2,1,2,NA
"547",7,"Other            ",6.16700889801518,28.91513,33.79,0,0,0,0,0.59,2004,8,3,2,1,2,2,2,2,NA
"548",7,"Other            ",7.08487337440124,27.33402,33.79,0,1,0,0,0.59,2004,8,3,2,1,2,2,2,2,NA
"549",7,"Other            ",9.2518822724162,31.25188,33.79,0,0,0,1,0.59,2004,8,10,2,2,2,2,1,2,NA
"550",7,"Other            ",7.08487337440124,29.41889,33.79,0,0,0,1,0.59,2004,8,10,2,2,2,2,1,2,NA
"551",7,"Other            ",11.2518822724162,36.25188,33.79,0,1,0,1,0.59,2004,8,10,2,2,2,2,1,2,NA
"552",7,"Other            ",4.66598220396986,26.57837,33.79,0,0,1,1,0.59,2004,8,10,2,2,2,2,1,2,NA
"553",7,"Other            ",20.6659822039699,45,33.79,0,1,1,1,0.59,2004,8,10,2,2,2,2,1,2,NA
"554",7,"Other            ",17,41.57837,33.79,2,0,1,1,0.59,2004,8,10,2,2,2,2,1,2,NA
"555",7,"Other            ",16.0848733744012,39,33.79,0,0,1,1,0.59,2004,8,9,2,2,2,2,1,1,3
"556",7,"Other            ",5.08487337440124,28.25188,33.79,0,0,1,1,0.59,2004,8,10,2,2,2,2,1,2,NA
"557",7,"Other            ",8.08487337440124,37.25188,33.79,0,1,0,1,0.59,2004,8,10,2,2,2,2,1,2,NA
"558",7,"Other            ",16.2518822724162,39.74812,33.79,2,1,1,1,0.59,2004,8,10,2,2,2,2,1,2,NA
"559",7,"Other            ",8,29.83299,33.79,NA,0,0,1,0.59,2004,8,10,2,2,2,2,1,2,NA
"560",7,"Other            ",5.33401779603014,27.08214,33.79,0,1,0,1,0.59,2004,12,10,2,2,2,2,1,2,NA
"561",7,"Other            ",10.0821355236139,43.33402,33.79,0,1,0,1,0.59,2004,12,10,2,2,2,2,1,2,NA
"562",7,"Other            ",10.4188911704314,32.50103,33.79,0,1,0,0,0.59,2004,12,10,2,2,2,2,1,2,NA
"563",7,"Other            ",14.8275154004107,36.82752,33.79,3,1,1,0,0.59,2004,12,3,2,1,2,2,2,2,NA
"564",7,"Other            ",6.16700889801518,27.82752,33.79,0,0,0,1,0.59,2004,12,10,2,2,2,2,1,2,NA
"565",7,"Other            ",9.82751540041068,34.16701,33.79,1,1,1,0,0.59,2004,12,3,2,1,2,2,2,2,NA
"566",7,"Other            ",8.83299110198504,31,33.79,NA,0,1,0,0.59,2005,5,3,2,1,2,2,2,2,NA
"567",7,"Other            ",25,50.24162,33.79,0,0,0,1,0.59,2005,5,10,2,2,2,2,1,2,NA
"568",7,"Other            ",NA,34.58111,33.79,0,1,1,0,0.59,2005,5,3,2,1,2,2,2,2,NA
"569",7,"Other            ",13,34.83299,33.79,0,0,1,1,0.59,2005,5,10,2,2,2,2,1,2,NA
"570",7,"Other            ",5.41409993155366,29.32649,33.79,0,1,0,0,0.59,2005,5,10,2,2,2,2,1,2,NA
"571",7,"Other            ",10.832991101985,33.58111,33.79,0,1,0,0,0.59,2005,5,3,2,1,2,2,2,2,NA
"572",7,"Other            ",9,30.74812,33.79,0,1,1,1,0.59,2005,5,10,2,2,2,2,1,2,NA
"573",7,"Other            ",12,33.58111,33.79,2,1,1,1,0.59,2005,5,10,2,2,2,2,1,2,NA
"574",7,"Other            ",14.2416153319643,36.74812,33.79,2,1,1,0,0.59,2005,5,3,2,1,2,2,2,2,NA
